{"columns": ["acceptance_rate", "complexity_Easy", "complexity_Medium", "complexity_Hard", "skill_Array", "skill_Math", "skill_String", "skill_Sorting", "skill_Linked List", "skill_Hash Table", "skill_Simulation", "skill_Depth-First Search", "skill_Union Find", "skill_Graph", "skill_Bit Manipulation", "skill_Prefix Sum", "skill_Tree", "skill_Breadth-First Search", "skill_Binary Tree", "skill_Heap (Priority Queue)", "skill_Shortest Path", "skill_Counting", "skill_Matrix", "skill_Brainteaser", "skill_LinkedList", "skill_Number Theory"], "coefficients": [-52.955869094633, 53.52424360036234, -53.52424360036249, -9.094947017729282e-13, -481.43357198634425, -2.2737367544323206e-13, -1074.7467822247613, 1.4210854715202004e-14, -324.641223077288, 1364.9520445912872, 3.009938032190795e-14, -2.2737367544323206e-13, -5.048709793414476e-29, -1.262177448353619e-29, -1109.9420327147327, 0.0, 0.0, 0.0, 0.0, 0.0, 0.0, 0.0, 0.0, 0.0, 1625.8115654118383, 0.0], "intercept": 5675.875874166366}